bin,count,precision,recall,f1,tp,fp,fn
0-128,355,0.7619047619036948,0.7849927849916523,0.7732764742680241,544,170,149
