{
  "model": "state-spaces/mamba-2.8b-hf",
  "dataset": "OntoEvent",
  "total_params": 2820800002,
  "model_size_mb": 10760.498054504395,
  "best_f1": 0.7783467441953948,
  "best_epoch": 5,
  "total_training_time_sec": 2188.775960445404,
  "avg_time_per_epoch_sec": 437.7551920890808,
  "training_metrics": {
    "epochs": [
      1,
      2,
      3,
      4,
      5
    ],
    "train_loss": [
      0.07492704508485089,
      0.04355421558147113,
      0.03508951126714237,
      0.02892248895141037,
      0.025410932779111686
    ],
    "train_time_sec": [
      395.77801513671875,
      396.1684527397156,
      396.64818382263184,
      396.8310196399689,
      397.11949610710144
    ],
    "val_f1": [
      0.7567954215310825,
      0.7775408665929403,
      0.7572964664732941,
      0.7753120660753433,
      0.7783467441953948
    ],
    "val_precision": [
      0.7296551724127867,
      0.7452316076284125,
      0.7837837837825378,
      0.7269180754216815,
      0.7665706051862153
    ],
    "val_recall": [
      0.7860326894490549,
      0.8127786032677373,
      0.7325408618116901,
      0.8306092124801923,
      0.7904903417521687
    ],
    "val_tp": [
      529,
      547,
      493,
      559,
      532
    ],
    "val_fp": [
      196,
      187,
      136,
      210,
      162
    ],
    "val_fn": [
      144,
      126,
      180,
      114,
      141
    ],
    "peak_memory_mb": [
      53856.22119140625,
      53848.89892578125,
      53848.89892578125,
      53848.89892578125,
      53848.89892578125
    ]
  },
  "test_results": {
    "f1": 0.7732764742680241,
    "precision": 0.7619047619036948,
    "recall": 0.7849927849916523,
    "tp": 544,
    "fp": 170,
    "fn": 149
  }
}