bin,count,precision,recall,f1,tp,fp,fn
0-128,2976,0.8249134948094982,0.9016641452342659,0.8615829413150197,3576,759,390
