bin,count,precision,recall,f1,tp,fp,fn
0-128,2976,0.8319045844202698,0.8935148118493007,0.8616097273522372,4464,902,532
