{
  "model": "state-spaces/mamba-2.8b-hf",
  "dataset": "Vrittanta",
  "total_params": 2820800002,
  "model_size_mb": 10760.498054504395,
  "best_f1": 0.8507029675873546,
  "best_epoch": 5,
  "total_training_time_sec": 4508.955543518066,
  "avg_time_per_epoch_sec": 901.7911087036133,
  "training_metrics": {
    "epochs": [
      1,
      2,
      3,
      4,
      5
    ],
    "train_loss": [
      0.08636682253633347,
      0.030420169037989227,
      0.014028581037308377,
      0.009953365962694713,
      0.0071925651369917415
    ],
    "train_time_sec": [
      837.4188101291656,
      839.5760083198547,
      836.68994140625,
      838.9759719371796,
      840.5283877849579
    ],
    "val_f1": [
      0.8456678695357883,
      0.8372733527243253,
      0.8413604194950508,
      0.844626967329868,
      0.8507029675873546
    ],
    "val_precision": [
      0.8358608385366477,
      0.8417166589751538,
      0.8411684162479045,
      0.8440492476056343,
      0.8319511130507062
    ],
    "val_recall": [
      0.8557077625566869,
      0.8328767123283868,
      0.8415525114151409,
      0.8452054794516689,
      0.8703196347027989
    ],
    "val_tp": [
      1874,
      1824,
      1843,
      1851,
      1906
    ],
    "val_fp": [
      368,
      343,
      348,
      342,
      385
    ],
    "val_fn": [
      316,
      366,
      347,
      339,
      284
    ],
    "peak_memory_mb": [
      53856.22119140625,
      53848.86376953125,
      53848.86376953125,
      53848.86376953125,
      53848.86376953125
    ]
  },
  "test_results": {
    "f1": 0.8616097273522372,
    "precision": 0.8319045844202698,
    "recall": 0.8935148118493007,
    "tp": 4464,
    "fp": 902,
    "fn": 532
  }
}