bin,count,precision,recall,f1,tp,fp,fn
0-128,355,0.8196721311458613,0.7352941176457072,0.7751937979495823,400,88,144
